rk,team,div,str,ofs,dfs,sos
1,Virginia,D1,1.055,0.607,-0.448,0.177
2,West Virginia,D1,0.994,0.451,-0.544,0.141
3,Florida St.,D1,0.955,0.461,-0.494,0.200
4,Notre Dame,D1,0.875,0.303,-0.572,0.190
5,North Carolina,D1,0.849,0.379,-0.470,0.174
6,Penn St.,D1,0.847,0.444,-0.404,0.207
7,Rutgers,D1,0.828,0.225,-0.604,0.147
8,Duke,D1,0.806,0.336,-0.470,0.199
9,California,D1,0.756,0.310,-0.446,0.177
10,Stanford,D1,0.739,0.301,-0.438,0.173
11,BYU,D1,0.734,0.246,-0.488,0.112
12,Southern California,D1,0.718,0.316,-0.402,0.183
13,Florida,D1,0.711,0.470,-0.241,0.164
14,Oklahoma,D1,0.652,0.249,-0.403,0.154
15,FGCU,D1,0.619,0.270,-0.349,0.028
16,South Fla.,D1,0.613,0.218,-0.395,0.101
17,Texas A&M,D1,0.605,0.346,-0.259,0.145
18,William & Mary,D1,0.600,0.289,-0.310,0.094
19,Virginia Tech,D1,0.586,0.398,-0.187,0.157
20,South Carolina,D1,0.583,0.346,-0.237,0.139
21,Texas Tech,D1,0.572,0.193,-0.379,0.184
22,North Texas,D1,0.564,0.103,-0.461,0.006
23,Clemson,D1,0.562,0.278,-0.284,0.193
24,Santa Clara,D1,0.552,0.190,-0.362,0.161
25,Washington St.,D1,0.551,0.300,-0.251,0.139
26,Arizona St.,D1,0.547,0.335,-0.212,0.146
27,Minnesota,D1,0.543,0.269,-0.274,0.128
28,Oklahoma St.,D1,0.542,0.305,-0.237,0.166
29,Michigan,D1,0.523,0.274,-0.250,0.154
30,UNCW,D1,0.512,0.353,-0.160,0.101
31,UConn,D1,0.507,0.275,-0.232,0.089
32,LSU,D1,0.493,0.304,-0.188,0.135
33,South Ala.,D1,0.488,0.315,-0.173,0.015
34,Auburn,D1,0.483,0.225,-0.258,0.141
35,Cal St. Fullerton,D1,0.482,0.321,-0.161,0.100
36,San Diego St.,D1,0.479,0.255,-0.224,0.045
37,Long Beach St.,D1,0.477,0.078,-0.399,0.122
38,St. John's (NY),D1,0.472,0.150,-0.323,0.029
39,Northwestern,D1,0.471,0.077,-0.394,0.121
40,DePaul,D1,0.467,0.215,-0.251,0.034
41,Boston College,D1,0.464,0.345,-0.119,0.165
42,Hofstra,D1,0.460,0.297,-0.163,0.093
43,Ole Miss,D1,0.443,0.268,-0.174,0.131
44,Washington,D1,0.441,0.207,-0.234,0.152
45,Loyola Marymount,D1,0.436,0.231,-0.205,0.115
46,Arizona,D1,0.436,0.304,-0.132,0.144
47,Baylor,D1,0.435,0.183,-0.252,0.066
48,Ohio St.,D1,0.414,0.225,-0.189,0.167
49,Kentucky,D1,0.412,0.232,-0.181,0.129
50,Princeton,D1,0.410,0.313,-0.097,0.044
51,Cincinnati,D1,0.410,0.168,-0.242,0.096
52,TCU,D1,0.401,0.227,-0.174,0.129
53,UCF,D1,0.397,0.275,-0.122,0.149
54,Samford,D1,0.393,0.190,-0.203,-0.004
55,Dartmouth,D1,0.391,0.189,-0.202,-0.004
56,Georgetown,D1,0.390,0.295,-0.095,0.084
57,Missouri,D1,0.385,0.129,-0.256,0.139
58,UC Riverside,D1,0.384,0.119,-0.265,0.082
59,Temple,D1,0.382,0.239,-0.142,0.046
60,San Francisco,D1,0.381,0.131,-0.250,0.075
61,Wisconsin,D1,0.372,0.134,-0.237,0.121
62,Tennessee,D1,0.369,0.159,-0.210,0.101
63,Illinois,D1,0.366,0.249,-0.117,0.139
64,Ball St.,D1,0.355,0.106,-0.249,-0.023
65,Boston U.,D1,0.350,0.175,-0.175,0.023
66,Western Mich.,D1,0.350,0.132,-0.218,-0.005
67,Purdue,D1,0.334,0.229,-0.105,0.132
68,Grand Valley St.,D2,0.328,0.191,-0.137,-0.257
69,Michigan St.,D1,0.328,0.069,-0.259,0.145
70,Texas,D1,0.323,0.088,-0.235,0.153
71,Troy,D1,0.323,0.073,-0.250,-0.032
72,Cal Poly,D1,0.319,0.172,-0.147,0.131
73,Seattle,D1,0.311,0.075,-0.236,-0.033
74,Kansas,D1,0.311,0.114,-0.196,0.159
75,Wake Forest,D1,0.309,0.070,-0.239,0.182
76,Nebraska,D1,0.305,0.232,-0.073,0.184
77,Maryland,D1,0.298,0.010,-0.288,0.151
78,Marshall,D1,0.292,0.034,-0.258,0.005
79,UC Santa Barbara,D1,0.288,0.177,-0.111,0.052
80,High Point,D1,0.284,0.021,-0.263,-0.062
81,Tulsa,D1,0.280,0.064,-0.217,0.017
82,Vanderbilt,D1,0.277,0.071,-0.206,0.143
83,Syracuse,D1,0.276,0.093,-0.183,0.147
84,Dayton,D1,0.272,0.301,0.029,0.070
85,James Madison,D1,0.268,0.109,-0.159,0.108
86,Arkansas,D1,0.266,0.165,-0.101,0.137
87,UCLA,D1,0.266,0.207,-0.059,0.196
88,Harvard,D1,0.265,0.041,-0.223,0.094
89,Louisville,D1,0.247,-0.013,-0.260,0.141
90,Lipscomb,D1,0.246,0.051,-0.194,-0.031
91,UC Davis,D1,0.246,-0.014,-0.260,0.047
92,Fla. Atlantic,D1,0.241,0.073,-0.168,0.010
93,Idaho,D1,0.241,0.135,-0.106,-0.048
94,Marquette,D1,0.240,0.129,-0.111,0.088
95,Miami (FL),D1,0.238,0.208,-0.030,0.174
96,George Washington,D1,0.232,0.027,-0.206,0.033
97,CSUN,D1,0.230,0.155,-0.076,0.057
98,Messiah,D3,0.227,0.038,-0.189,-0.351
99,Pepperdine,D1,0.226,-0.075,-0.301,0.121
100,Northeastern,D1,0.225,0.124,-0.101,0.080
101,Butler,D1,0.217,0.094,-0.123,0.015
102,Saint Joseph's,D1,0.209,0.152,-0.056,-0.005
103,San Diego,D1,0.203,0.121,-0.082,0.133
104,Buffalo,D1,0.198,0.001,-0.196,0.000
105,Portland,D1,0.197,0.085,-0.112,0.118
106,Fordham,D1,0.196,0.010,-0.186,-0.011
107,Oregon St.,D1,0.194,0.001,-0.192,0.163
108,Kent St.,D1,0.181,0.158,-0.023,-0.023
109,Providence,D1,0.181,0.011,-0.170,0.051
110,Penn,D1,0.181,-0.044,-0.225,0.002
111,Cornell,D1,0.180,-0.138,-0.318,-0.029
112,Miami (OH),D1,0.180,-0.098,-0.278,0.012
113,Utah,D1,0.178,0.027,-0.151,0.161
114,Colorado,D1,0.166,0.094,-0.072,0.116
115,Pittsburgh,D1,0.164,0.104,-0.060,0.093
116,New Mexico,D1,0.161,0.040,-0.121,0.029
117,San Jose St.,D1,0.158,0.039,-0.120,0.038
118,Rice,D1,0.156,0.147,-0.009,0.032
119,Bucknell,D1,0.151,0.000,-0.150,-0.025
120,Northern Ky.,D1,0.148,0.026,-0.122,-0.102
121,Louisiana Tech,D1,0.147,-0.013,-0.160,-0.073
122,Hartford,D1,0.142,-0.054,-0.196,-0.105
123,Furman,D1,0.142,-0.006,-0.148,-0.059
124,VCU,D1,0.136,0.135,0.000,0.045
125,La Salle,D1,0.135,0.068,-0.067,0.058
126,Milwaukee,D1,0.132,-0.001,-0.134,-0.071
127,Wright St.,D1,0.131,-0.003,-0.134,-0.025
128,Georgia,D1,0.130,0.075,-0.054,0.173
129,Duquesne,D1,0.130,0.095,-0.035,0.057
130,Monmouth,D1,0.130,0.115,-0.015,-0.105
131,Southeastern La.,D1,0.124,0.053,-0.071,-0.123
132,Drexel,D1,0.124,0.074,-0.051,0.067
133,Coastal Caro.,D1,0.123,0.111,-0.012,-0.036
134,Saint Louis,D1,0.120,0.062,-0.058,0.004
135,Elon,D1,0.119,-0.028,-0.147,-0.009
136,Delaware,D1,0.119,0.100,-0.018,0.100
137,William Smith,D3,0.114,-0.031,-0.145,-0.318
138,Mercer,D1,0.107,-0.043,-0.150,-0.023
139,St. Mary's (CA),D1,0.107,-0.049,-0.156,0.074
140,George Mason,D1,0.100,0.039,-0.061,0.036
141,Utah Valley,D1,0.099,0.114,0.015,-0.063
142,East Carolina,D1,0.096,-0.019,-0.115,0.104
143,Mississippi St.,D1,0.095,-0.004,-0.099,0.129
144,Appalachian St.,D1,0.091,0.041,-0.050,0.047
145,Liberty,D1,0.087,-0.032,-0.119,0.021
146,UMKC,D1,0.085,-0.015,-0.099,-0.143
147,Wyoming,D1,0.075,-0.065,-0.141,-0.042
148,Middle Tenn.,D1,0.074,-0.087,-0.162,0.031
149,Manhattan,D1,0.073,-0.029,-0.102,-0.100
150,SMU,D1,0.073,0.128,0.054,0.084
151,Memphis,D1,0.070,0.014,-0.056,0.091
152,Albany (NY),D1,0.068,0.060,-0.007,-0.056
153,UALR,D1,0.065,-0.031,-0.096,-0.011
154,Murray St.,D1,0.062,0.059,-0.003,-0.053
155,Central Mo.,D2,0.061,0.021,-0.040,-0.270
156,Oregon,D1,0.050,-0.104,-0.154,0.125
157,Central Conn. St.,D1,0.040,-0.116,-0.156,-0.084
158,Campbell,D1,0.038,-0.009,-0.046,-0.037
159,UTEP,D1,0.038,0.057,0.019,-0.036
160,Fairleigh Dickinson,D1,0.036,0.140,0.104,-0.057
161,Utah St.,D1,0.035,0.031,-0.004,-0.004
162,Oakland,D1,0.032,-0.027,-0.059,-0.011
163,Xavier,D1,0.032,0.004,-0.028,0.010
164,Western Caro.,D1,0.032,-0.029,-0.061,-0.064
165,Belmont Abbey,D2,0.017,-0.087,-0.104,-0.338
166,Adelphi,D2,0.016,-0.016,-0.032,-0.186
167,Massachusetts,D1,0.008,-0.003,-0.011,0.029
168,Iowa St.,D1,0.008,0.001,-0.007,0.102
169,Columbus St.,D2,0.006,0.070,0.064,-0.263
170,Boise St.,D1,0.004,0.000,-0.004,0.034
171,UNCG,D1,0.002,0.026,0.025,0.009
172,Rider,D1,-0.003,-0.058,-0.055,-0.104
173,Swarthmore,D3,-0.004,-0.070,-0.066,-0.403
174,Texas St.,D1,-0.009,0.096,0.105,-0.055
175,Bridgeport,D2,-0.016,-0.110,-0.094,-0.297
176,Central Mich.,D1,-0.017,-0.031,-0.014,0.015
177,South Dakota St.,D1,-0.017,-0.067,-0.050,-0.065
178,Lehigh,D1,-0.020,-0.022,-0.001,-0.024
179,Charlotte,D1,-0.021,0.137,0.158,0.015
180,Old Dominion,D1,-0.022,-0.043,-0.022,0.068
181,Northern Ariz.,D1,-0.023,0.067,0.091,-0.049
182,Minn. St. Mankato,D2,-0.025,0.045,0.069,-0.300
183,Eastern Wash.,D1,-0.026,0.037,0.063,-0.062
184,Iowa,D1,-0.027,0.015,0.042,0.083
185,Towson,D1,-0.028,-0.042,-0.014,0.023
186,FIU,D1,-0.031,-0.020,0.012,0.061
187,Gonzaga,D1,-0.033,0.035,0.069,0.111
188,North Georgia,D2,-0.035,-0.026,0.009,-0.243
189,Valparaiso,D1,-0.037,0.060,0.097,-0.013
190,Alabama,D1,-0.037,-0.085,-0.047,0.096
191,Col. of Charleston,D1,-0.038,-0.101,-0.064,0.010
192,UNLV,D1,-0.041,0.030,0.070,0.017
193,Western Wash.,D2,-0.045,-0.060,-0.016,-0.269
194,Indiana,D1,-0.045,-0.106,-0.060,0.177
195,Stephen F. Austin,D1,-0.047,-0.099,-0.051,-0.029
196,Navy,D1,-0.051,0.024,0.075,-0.063
197,Ga. Southern,D1,-0.053,0.078,0.131,-0.017
198,Siena,D1,-0.053,-0.030,0.023,-0.093
199,Abilene Christian,D1,-0.057,0.076,0.133,-0.020
200,Columbia,D1,-0.058,-0.121,-0.063,0.026
201,West Chester,D2,-0.059,-0.134,-0.075,-0.262
202,Illinois St.,D1,-0.059,0.050,0.109,0.032
203,Colgate,D1,-0.059,-0.057,0.002,0.038
204,Georgia St.,D1,-0.063,0.003,0.066,-0.049
205,Creighton,D1,-0.065,0.097,0.162,-0.005
206,New Hampshire,D1,-0.065,-0.030,0.035,-0.035
207,Longwood,D1,-0.066,-0.085,-0.019,-0.036
208,Houston,D1,-0.067,-0.031,0.036,0.051
209,West Florida,D2,-0.072,-0.032,0.040,-0.255
210,North Dakota St.,D1,-0.072,-0.008,0.064,-0.073
211,Northern Colo.,D1,-0.072,-0.124,-0.052,-0.041
212,Sam Houston St.,D1,-0.073,-0.169,-0.096,-0.069
213,Weber St.,D1,-0.075,0.019,0.094,-0.006
214,Davidson,D1,-0.076,-0.011,0.065,0.008
215,Angelo St.,D2,-0.077,-0.093,-0.016,-0.266
216,Western Ky.,D1,-0.079,-0.085,-0.005,0.026
217,Barry,D2,-0.080,-0.062,0.018,-0.196
218,Brown,D1,-0.093,-0.057,0.035,0.035
219,West Va. Wesleyan,D2,-0.094,-0.357,-0.263,-0.331
220,Austin Peay,D1,-0.095,0.092,0.187,-0.093
221,Jacksonville,D1,-0.098,-0.085,0.013,0.006
222,Quincy,D2,-0.098,-0.042,0.057,-0.218
223,Azusa Pacific,D2,-0.099,-0.160,-0.061,-0.337
224,Drake,D1,-0.102,0.070,0.172,-0.038
225,Richmond,D1,-0.103,-0.014,0.089,0.046
226,UC Irvine,D1,-0.106,-0.157,-0.050,0.083
227,Loyola Chicago,D1,-0.106,-0.114,-0.007,-0.034
228,Oral Roberts,D1,-0.111,0.047,0.158,-0.064
229,Toledo,D1,-0.111,-0.013,0.098,0.048
230,Sonoma St.,D2,-0.114,-0.205,-0.091,-0.233
231,Armstrong,D2,-0.114,-0.052,0.062,-0.208
232,Colorado Col.,D1,-0.116,-0.079,0.038,0.030
233,Trinity (TX),D3,-0.120,-0.114,0.007,-0.504
234,East Tenn. St.,D1,-0.120,0.088,0.207,-0.071
235,North Carolina St.,D1,-0.122,-0.070,0.052,0.148
236,Saint Rose,D2,-0.123,-0.051,0.071,-0.235
237,Truman,D2,-0.126,-0.174,-0.048,-0.210
238,North Ala.,D2,-0.127,-0.019,0.108,-0.234
239,Thomas More,D3,-0.130,-0.224,-0.094,-0.489
240,Maine,D1,-0.133,-0.123,0.010,-0.046
241,Southeast Mo. St.,D1,-0.133,-0.098,0.036,-0.099
242,Southern Utah,D1,-0.136,0.030,0.167,-0.027
243,Lenoir-Rhyne,D2,-0.136,-0.016,0.120,-0.267
244,Yale,D1,-0.136,0.038,0.174,0.038
245,Lafayette,D1,-0.138,-0.137,0.002,-0.069
246,Montana,D1,-0.141,-0.096,0.045,0.001
247,Central Ark.,D1,-0.158,-0.058,0.100,-0.074
248,Slippery Rock,D2,-0.159,-0.082,0.077,-0.254
249,Gardner-Webb,D1,-0.162,-0.116,0.046,-0.065
250,Sacramento St.,D1,-0.167,-0.027,0.140,-0.054
251,Mo.-St. Louis,D2,-0.176,-0.016,0.160,-0.245
252,UMBC,D1,-0.177,-0.128,0.048,-0.049
253,La.-Lafayette,D1,-0.177,-0.076,0.102,-0.045
254,Washington-St. Louis,D3,-0.177,-0.188,-0.011,-0.308
255,UNI,D1,-0.184,-0.183,0.001,-0.107
256,Nevada,D1,-0.188,-0.155,0.033,-0.011
257,Detroit,D1,-0.189,-0.110,0.080,-0.037
258,Cleveland St.,D1,-0.193,-0.138,0.056,-0.081
259,Evansville,D1,-0.194,-0.196,-0.002,0.005
260,Northwestern St.,D1,-0.195,-0.125,0.069,-0.103
261,Stony Brook,D1,-0.199,-0.147,0.052,-0.046
262,Missouri St.,D1,-0.200,-0.095,0.105,-0.066
263,Kennesaw St.,D1,-0.202,0.007,0.208,-0.087
264,Northeastern St.,D2,-0.203,-0.052,0.151,-0.295
265,Bellarmine,D2,-0.203,-0.239,-0.036,-0.243
266,Gannon,D2,-0.204,-0.056,0.148,-0.244
267,Houston Baptist,D1,-0.206,-0.105,0.102,-0.096
268,Tennessee Tech,D1,-0.206,-0.240,-0.035,-0.072
269,Wofford,D1,-0.206,-0.094,0.112,-0.091
270,Indiana St.,D1,-0.210,-0.028,0.183,-0.085
271,Niagara,D1,-0.213,-0.133,0.080,-0.087
272,TCNJ,D3,-0.214,-0.170,0.043,-0.369
273,Carson-Newman,D2,-0.215,-0.068,0.147,-0.280
274,Loyola Maryland,D1,-0.216,-0.099,0.116,-0.006
275,CSU Bakersfield,D1,-0.218,-0.020,0.198,-0.068
276,SIUE,D1,-0.219,-0.379,-0.160,-0.093
277,Vermont,D1,-0.223,-0.080,0.143,-0.053
278,Ill. Wesleyan,D3,-0.223,-0.173,0.050,-0.362
279,Bowling Green,D1,-0.223,-0.079,0.144,-0.085
280,Carnegie Mellon,D3,-0.226,-0.173,0.053,-0.311
281,Grand Canyon,D1,-0.227,-0.092,0.136,-0.059
282,Stetson,D1,-0.235,0.022,0.257,-0.060
283,St. Bonaventure,D1,-0.238,-0.006,0.232,-0.024
284,Tex. A&M-Commerce,D2,-0.240,-0.144,0.096,-0.224
285,IUPUI,D1,-0.241,-0.049,0.192,-0.096
286,Arkansas St.,D1,-0.243,-0.080,0.163,-0.019
287,North Florida,D1,-0.243,-0.208,0.035,-0.033
288,American Int'l,D2,-0.250,-0.233,0.017,-0.200
289,Dallas Baptist,D2,-0.250,-0.175,0.075,-0.278
290,McNeese St.,D1,-0.251,-0.146,0.105,-0.090
291,Fresno St.,D1,-0.258,-0.046,0.212,0.054
292,St. Edward's,D2,-0.259,-0.215,0.044,-0.288
293,Akron,D1,-0.262,-0.087,0.174,-0.010
294,Rhode Island,D1,-0.262,-0.072,0.191,-0.018
295,UC San Diego,D2,-0.263,-0.067,0.197,-0.218
296,Air Force,D1,-0.264,-0.108,0.156,-0.021
297,Roger Williams,D3,-0.265,-0.242,0.023,-0.420
298,LIU Post,D2,-0.269,-0.087,0.182,-0.297
299,Anderson (SC),D2,-0.271,-0.082,0.189,-0.317
300,Augustana (SD),D2,-0.271,-0.210,0.061,-0.296
301,Wingate,D2,-0.272,-0.271,0.001,-0.267
302,Army West Point,D1,-0.273,-0.169,0.104,-0.003
303,Morehead St.,D1,-0.273,-0.050,0.223,-0.083
304,Lee,D2,-0.275,-0.132,0.144,-0.220
305,Jacksonville St.,D1,-0.276,-0.128,0.148,-0.082
306,Colorado Mines,D2,-0.277,-0.170,0.107,-0.255
307,Ohio,D1,-0.279,-0.119,0.160,0.010
308,Mississippi Col.,D2,-0.283,-0.198,0.085,-0.286
309,Pacific,D1,-0.289,-0.222,0.067,0.106
310,Williams,D3,-0.292,-0.207,0.085,-0.310
311,Eastern Mich.,D1,-0.295,-0.108,0.187,0.002
312,Holy Cross,D1,-0.300,-0.183,0.117,-0.087
313,La.-Monroe,D1,-0.302,-0.216,0.087,-0.086
314,Southern Miss.,D1,-0.304,-0.203,0.101,-0.049
315,North Dakota,D1,-0.307,-0.164,0.143,-0.062
316,Florida Tech,D2,-0.307,-0.219,0.088,-0.219
317,Puget Sound,D3,-0.311,-0.388,-0.078,-0.410
318,Quinnipiac,D1,-0.313,-0.056,0.257,-0.109
319,Northern Ill.,D1,-0.313,-0.060,0.253,-0.011
320,UT Martin,D1,-0.315,-0.030,0.285,-0.056
321,Montclair St.,D3,-0.315,-0.225,0.090,-0.382
322,Lynchburg,D3,-0.316,-0.247,0.069,-0.481
323,Fairfield,D1,-0.318,-0.040,0.278,-0.109
324,Stevens,D3,-0.318,-0.005,0.313,-0.355
325,Marist,D1,-0.320,-0.159,0.161,-0.072
326,Charleston So.,D1,-0.321,-0.194,0.127,-0.088
327,Hawaii,D1,-0.323,-0.064,0.259,0.051
328,McDaniel,D3,-0.323,-0.178,0.146,-0.407
329,Johns Hopkins,D3,-0.326,-0.067,0.259,-0.288
330,Amherst,D3,-0.326,-0.184,0.141,-0.303
331,Colorado St.,D1,-0.330,-0.209,0.120,-0.015
332,Drury,D2,-0.333,-0.188,0.145,-0.249
333,Minot St.,D2,-0.333,-0.211,0.122,-0.288
334,Robert Morris,D1,-0.334,-0.050,0.285,-0.126
335,Kutztown,D2,-0.334,-0.139,0.195,-0.242
336,NYU,D3,-0.339,-0.323,0.015,-0.353
337,Radford,D1,-0.339,-0.120,0.218,-0.112
338,Merrimack,D2,-0.340,-0.106,0.233,-0.221
339,Howard,D1,-0.341,-0.151,0.189,-0.289
340,Lamar,D1,-0.342,-0.006,0.336,-0.104
341,UAB,D1,-0.344,-0.080,0.264,0.039
342,Southern N.H.,D2,-0.347,-0.308,0.039,-0.212
343,Edinboro,D2,-0.349,-0.132,0.217,-0.226
344,South Dakota,D1,-0.349,-0.098,0.251,-0.116
345,Cedarville,D2,-0.352,-0.227,0.125,-0.363
346,Saint Francis (PA),D1,-0.353,-0.088,0.264,-0.043
347,UNC Asheville,D1,-0.354,-0.106,0.247,-0.153
348,Seton Hall,D1,-0.358,-0.254,0.104,0.083
349,Tampa,D2,-0.360,-0.185,0.175,-0.201
350,Portland St.,D1,-0.361,-0.272,0.089,-0.001
351,West Ala.,D2,-0.365,-0.275,0.090,-0.257
352,Point Loma,D2,-0.366,-0.332,0.034,-0.293
353,UTSA,D1,-0.367,-0.083,0.284,0.073
354,Brandeis,D3,-0.369,-0.293,0.076,-0.318
355,Davis & Elkins,D2,-0.372,-0.165,0.206,-0.423
356,Limestone,D2,-0.373,-0.226,0.147,-0.365
357,UMass Lowell,D1,-0.378,-0.054,0.324,-0.073
358,Villanova,D1,-0.382,-0.252,0.130,0.087
359,Rollins,D2,-0.384,-0.184,0.200,-0.179
360,Idaho St.,D1,-0.386,-0.003,0.383,-0.012
361,Georgian Court,D2,-0.393,-0.213,0.180,-0.445
362,East Stroudsburg,D2,-0.394,-0.192,0.202,-0.222
363,Cal St. Stanislaus,D2,-0.394,-0.193,0.201,-0.259
364,Ferris St.,D2,-0.394,-0.193,0.200,-0.254
365,Mississippi Val.,D1,-0.395,-0.015,0.379,-0.317
366,Roberts Wesleyan,D2,-0.399,-0.092,0.307,-0.239
367,Queens (NC),D2,-0.400,-0.309,0.092,-0.241
368,Assumption,D2,-0.401,-0.067,0.334,-0.213
369,Delaware St.,D1,-0.405,-0.310,0.095,-0.207
370,California Baptist,D2,-0.405,-0.294,0.111,-0.295
371,Gettysburg,D3,-0.409,-0.465,-0.056,-0.334
372,Ill.-Chicago,D1,-0.410,-0.230,0.180,-0.042
373,Texas-Tyler,D3,-0.410,-0.236,0.174,-0.573
374,Harding,D2,-0.415,-0.064,0.351,-0.352
375,Fort Lewis,D2,-0.416,-0.345,0.071,-0.246
376,St. Lawrence,D3,-0.422,-0.176,0.247,-0.345
377,Green Bay,D1,-0.426,-0.119,0.307,-0.085
378,Denison,D3,-0.430,-0.227,0.203,-0.395
379,Eastern Ky.,D1,-0.432,-0.175,0.257,-0.064
380,Hardin-Simmons,D3,-0.433,-0.134,0.299,-0.569
381,Metro St.,D2,-0.433,-0.207,0.227,-0.254
382,American,D1,-0.434,-0.216,0.218,-0.060
383,Seattle Pacific,D2,-0.435,-0.270,0.165,-0.266
384,Wis.-Whitewater,D3,-0.436,-0.150,0.286,-0.402
385,Notre Dame (OH),D2,-0.436,-0.236,0.200,-0.309
386,Centre,D3,-0.437,-0.180,0.257,-0.436
387,Belmont,D1,-0.442,-0.308,0.133,-0.051
388,California (PA),D2,-0.443,-0.375,0.068,-0.233
389,Winthrop,D1,-0.445,-0.310,0.135,-0.094
390,Chicago,D3,-0.449,-0.178,0.271,-0.283
391,Chattanooga,D1,-0.450,-0.235,0.215,-0.091
392,Pace,D2,-0.450,-0.332,0.118,-0.242
393,Fort Hays St.,D2,-0.450,-0.312,0.138,-0.249
394,Emporia St.,D2,-0.451,-0.172,0.280,-0.264
395,Rowan,D3,-0.455,-0.334,0.121,-0.384
396,A&M-Corpus Christi,D1,-0.456,-0.232,0.224,-0.074
397,Augustana (IL),D3,-0.456,-0.249,0.208,-0.421
398,Piedmont,D3,-0.456,-0.407,0.050,-0.516
399,Presbyterian,D1,-0.457,-0.188,0.269,-0.139
400,Emory,D3,-0.457,-0.322,0.135,-0.257
401,Nicholls St.,D1,-0.462,-0.112,0.350,-0.145
402,Nova Southeastern,D2,-0.463,-0.180,0.282,-0.204
403,Clayton St.,D2,-0.463,-0.180,0.283,-0.249
404,Chico St.,D2,-0.463,-0.160,0.303,-0.259
405,Calvin,D3,-0.470,-0.273,0.197,-0.412
406,Ithaca,D3,-0.471,-0.283,0.187,-0.347
407,Southern Conn. St.,D2,-0.473,-0.245,0.228,-0.174
408,USC Upstate,D1,-0.474,-0.325,0.149,-0.094
409,Central Okla.,D2,-0.474,-0.202,0.272,-0.255
410,Ohio Dominican,D2,-0.477,-0.193,0.284,-0.222
411,Denver,D1,-0.477,-0.314,0.163,-0.070
412,Charleston (WV),D2,-0.482,-0.375,0.107,-0.303
413,Pacific Lutheran,D3,-0.484,-0.306,0.177,-0.419
414,UNC Pembroke,D2,-0.485,-0.157,0.328,-0.239
415,Flagler,D2,-0.487,-0.237,0.249,-0.254
416,Scranton,D3,-0.490,-0.321,0.168,-0.387
417,Sacred Heart,D1,-0.491,-0.164,0.327,-0.104
418,Middlebury,D3,-0.491,-0.196,0.295,-0.290
419,Christian Bros.,D2,-0.491,-0.196,0.295,-0.254
420,Binghamton,D1,-0.496,-0.285,0.211,-0.032
421,Georgia College,D2,-0.497,-0.280,0.217,-0.235
422,Bemidji St.,D2,-0.497,-0.230,0.267,-0.319
423,Mercy,D2,-0.497,-0.259,0.238,-0.275
424,Wheaton (IL),D3,-0.498,-0.198,0.300,-0.291
425,Haverford,D3,-0.499,-0.239,0.260,-0.360
426,Franklin Pierce,D2,-0.503,-0.115,0.388,-0.229
427,Bloomsburg,D2,-0.503,-0.285,0.218,-0.260
428,Regis (CO),D2,-0.509,-0.166,0.343,-0.269
429,Wagner,D1,-0.511,-0.254,0.257,-0.129
430,Saint Leo,D2,-0.511,-0.154,0.357,-0.225
431,Maryville (MO),D2,-0.511,-0.260,0.251,-0.259
432,VMI,D1,-0.512,-0.269,0.243,-0.127
433,Midwestern St.,D2,-0.512,-0.285,0.227,-0.238
434,Rochester (NY),D3,-0.514,-0.271,0.243,-0.255
435,Misericordia,D3,-0.514,-0.234,0.280,-0.392
436,Cal Poly Pomona,D2,-0.515,-0.174,0.341,-0.261
437,West Ga.,D2,-0.517,-0.212,0.305,-0.275
438,Babson,D3,-0.520,-0.317,0.203,-0.381
439,Central Wash.,D2,-0.521,-0.194,0.327,-0.235
440,Tusculum,D2,-0.522,-0.139,0.383,-0.233
441,Texas Woman's,D2,-0.522,-0.289,0.233,-0.242
442,Michigan Tech,D2,-0.524,-0.215,0.309,-0.282
443,Mo. Western St.,D2,-0.526,-0.456,0.070,-0.249
444,Winona St.,D2,-0.526,-0.438,0.087,-0.285
445,Wartburg,D3,-0.527,-0.246,0.282,-0.397
446,Jackson St.,D1,-0.527,-0.289,0.237,-0.270
447,New Haven,D2,-0.528,-0.251,0.277,-0.206
448,Ashland,D2,-0.530,-0.195,0.335,-0.253
449,Youngstown St.,D1,-0.534,-0.254,0.280,-0.087
450,Nazareth,D3,-0.534,-0.346,0.188,-0.401
451,New Mexico St.,D1,-0.537,-0.195,0.342,-0.101
452,Wentworth,D3,-0.541,-0.325,0.217,-0.464
453,Omaha,D1,-0.543,-0.316,0.227,-0.084
454,Arcadia,D3,-0.543,-0.281,0.261,-0.385
455,Shippensburg,D2,-0.544,-0.317,0.227,-0.270
456,Bowdoin,D3,-0.552,-0.292,0.260,-0.320
457,Rochester Inst.,D3,-0.553,-0.291,0.262,-0.372
458,Iona,D1,-0.555,-0.153,0.402,-0.109
459,LIU Brooklyn,D1,-0.556,-0.218,0.338,-0.092
460,Mercyhurst,D2,-0.556,-0.234,0.321,-0.261
461,McKendree,D2,-0.558,-0.232,0.326,-0.237
462,Hanover,D3,-0.559,-0.392,0.167,-0.478
463,Canisius,D1,-0.562,-0.295,0.267,-0.149
464,San Fran. St.,D2,-0.564,-0.246,0.319,-0.274
465,IPFW,D1,-0.569,-0.281,0.288,-0.075
466,Lewis,D2,-0.571,-0.223,0.348,-0.247
467,WPI,D3,-0.571,-0.277,0.294,-0.418
468,Bentley,D2,-0.574,-0.248,0.325,-0.247
469,SUNY Oneonta,D3,-0.577,-0.309,0.267,-0.393
470,Rockhurst,D2,-0.578,-0.282,0.296,-0.241
471,Southwestern Okla.,D2,-0.580,-0.230,0.350,-0.348
472,Lynn,D2,-0.582,-0.175,0.407,-0.151
473,Western St.,D2,-0.583,-0.396,0.187,-0.281
474,Springfield,D3,-0.584,-0.342,0.242,-0.344
475,Augsburg,D3,-0.593,-0.257,0.335,-0.446
476,Kean,D3,-0.593,-0.239,0.354,-0.395
477,Hamilton,D3,-0.594,-0.230,0.364,-0.357
478,Western Ill.,D1,-0.599,-0.239,0.360,-0.085
479,West Tex. A&M,D2,-0.601,-0.270,0.332,-0.233
480,Sewanee,D3,-0.602,-0.289,0.313,-0.410
481,Wash. & Lee,D3,-0.604,-0.256,0.347,-0.474
482,Colorado Mesa,D2,-0.607,-0.320,0.287,-0.231
483,Ursuline,D2,-0.614,-0.279,0.335,-0.382
484,Saginaw Valley,D2,-0.617,-0.283,0.334,-0.239
485,Eastern Ill.,D1,-0.617,-0.330,0.287,-0.125
486,Hope,D3,-0.617,-0.348,0.269,-0.428
487,Dixie St.,D2,-0.618,-0.213,0.405,-0.338
488,Texas Southern,D1,-0.618,-0.238,0.380,-0.291
489,UC-Colo. Springs,D2,-0.620,-0.294,0.326,-0.281
490,Cal St. L.A.,D2,-0.624,-0.525,0.098,-0.227
491,UIndy,D2,-0.626,-0.425,0.201,-0.244
492,Wis.-Parkside,D2,-0.626,-0.306,0.320,-0.247
493,NJIT,D1,-0.630,-0.279,0.351,-0.085
494,Trevecca Nazarene,D2,-0.635,-0.334,0.301,-0.390
495,Mt. St. Mary's,D1,-0.637,-0.245,0.392,-0.080
496,Simon Fraser,D2,-0.637,-0.285,0.353,-0.279
497,Millersville,D2,-0.638,-0.235,0.403,-0.276
498,Fla. Southern,D2,-0.642,-0.306,0.336,-0.189
499,Walsh,D2,-0.642,-0.384,0.259,-0.281
500,Wis.-Oshkosh,D3,-0.645,-0.334,0.311,-0.422
501,Mount Olive,D2,-0.645,-0.271,0.374,-0.384
502,Newberry,D2,-0.646,-0.291,0.356,-0.253
503,MIT,D3,-0.646,-0.220,0.426,-0.342
504,Alabama St.,D1,-0.649,-0.085,0.564,-0.238
505,Palm Beach Atl.,D2,-0.653,-0.201,0.452,-0.232
506,William Jewell,D2,-0.654,-0.320,0.334,-0.265
507,Colorado St.-Pueblo,D2,-0.654,-0.386,0.267,-0.261
508,Farmingdale St.,D3,-0.658,-0.386,0.272,-0.489
509,Catholic,D3,-0.658,-0.173,0.485,-0.453
510,Ouachita Baptist,D2,-0.659,-0.251,0.409,-0.339
511,Western Ore.,D2,-0.659,-0.333,0.326,-0.287
512,Humboldt St.,D2,-0.661,-0.405,0.256,-0.247
513,Mont. St. Billings,D2,-0.662,-0.417,0.245,-0.288
514,Penn St.-Berks,D3,-0.664,-0.253,0.412,-0.636
515,Southwest Baptist,D2,-0.664,-0.109,0.555,-0.234
516,Trinity (CT),D3,-0.666,-0.284,0.382,-0.337
517,Bryant,D1,-0.667,-0.424,0.243,-0.089
518,Wheaton (MA),D3,-0.672,-0.333,0.339,-0.368
519,Young Harris,D2,-0.673,-0.262,0.411,-0.295
520,Western Conn. St.,D3,-0.673,-0.359,0.314,-0.425
521,Dowling,D2,-0.674,-0.235,0.439,-0.269
522,Lander,D2,-0.676,-0.275,0.400,-0.251
523,Prairie View,D1,-0.680,-0.242,0.438,-0.299
524,St. Mary's (TX),D2,-0.680,-0.267,0.413,-0.329
525,Post,D2,-0.683,-0.380,0.304,-0.412
526,Ursinus,D3,-0.684,-0.309,0.375,-0.335
527,Southwest Minn. St.,D2,-0.689,-0.404,0.285,-0.303
528,Union (NY),D3,-0.690,-0.411,0.279,-0.328
529,Luther,D3,-0.692,-0.334,0.358,-0.418
530,Buffalo St.,D3,-0.694,-0.317,0.378,-0.410
531,Seton Hill,D2,-0.695,-0.194,0.501,-0.255
532,Stonehill,D2,-0.703,-0.450,0.253,-0.233
533,Tex.-Pan American,D1,-0.703,-0.471,0.233,-0.180
534,Fresno Pacific,D2,-0.703,-0.314,0.389,-0.347
535,Chris. Newport,D3,-0.705,-0.359,0.346,-0.416
536,Salisbury,D3,-0.705,-0.414,0.291,-0.444
537,Concordia-St. Paul,D2,-0.706,-0.301,0.405,-0.295
538,SUNY Geneseo,D3,-0.707,-0.411,0.297,-0.421
539,Maryville (TN),D3,-0.709,-0.334,0.375,-0.518
540,Methodist,D3,-0.710,-0.419,0.292,-0.507
541,Wash. & Jeff.,D3,-0.710,-0.298,0.412,-0.566
542,Washburn,D2,-0.711,-0.469,0.242,-0.241
543,St. Anselm,D2,-0.713,-0.350,0.363,-0.201
544,DeSales,D3,-0.714,-0.265,0.449,-0.496
545,Incarnate Word,D1,-0.715,-0.352,0.363,-0.073
546,Kenyon,D3,-0.715,-0.497,0.219,-0.459
547,Pomona-Pitzer,D3,-0.715,-0.234,0.480,-0.372
548,Cal St. Monterey Bay,D2,-0.716,-0.362,0.355,-0.295
549,Le Moyne,D2,-0.718,-0.229,0.488,-0.209
550,Northern St.,D2,-0.727,-0.340,0.387,-0.328
551,Meredith,D3,-0.728,-0.375,0.352,-0.491
552,Valdosta St.,D2,-0.728,-0.436,0.292,-0.222
553,Vassar,D3,-0.731,-0.393,0.338,-0.316
554,Northern Mich.,D2,-0.731,-0.329,0.402,-0.266
555,Loras,D3,-0.733,-0.226,0.507,-0.373
556,Case,D3,-0.735,-0.571,0.164,-0.277
557,Elizabethtown,D3,-0.736,-0.321,0.415,-0.391
558,Ark.-Pine Bluff,D1,-0.740,-0.288,0.453,-0.277
559,Southern Ind.,D2,-0.740,-0.351,0.388,-0.247
560,Berry,D3,-0.742,-0.308,0.435,-0.433
561,Clarion,D2,-0.743,-0.328,0.415,-0.245
562,Carroll (WI),D3,-0.743,-0.405,0.338,-0.546
563,Endicott,D3,-0.744,-0.383,0.361,-0.393
564,Rhodes,D3,-0.746,-0.382,0.364,-0.422
565,Bates,D3,-0.747,-0.447,0.299,-0.352
566,Linfield,D3,-0.749,-0.424,0.325,-0.412
567,Converse,D2,-0.750,-0.286,0.464,-0.377
568,Philadelphia U.,D2,-0.751,-0.675,0.076,-0.386
569,Concordia Wisconsin,D3,-0.751,-0.407,0.345,-0.523
570,Saint Benedict,D3,-0.753,-0.347,0.406,-0.390
571,Lebanon Valley,D3,-0.755,-0.302,0.453,-0.389
572,Gust. Adolphus,D3,-0.755,-0.360,0.395,-0.399
573,DePauw,D3,-0.755,-0.322,0.433,-0.337
574,Roanoke,D3,-0.757,-0.542,0.214,-0.472
575,Upper Iowa,D2,-0.757,-0.361,0.396,-0.309
576,Ky. Wesleyan,D2,-0.759,-0.275,0.484,-0.409
577,Claremont-M-S,D3,-0.762,-0.517,0.245,-0.389
578,Indiana (PA),D2,-0.762,-0.328,0.435,-0.248
579,Shepherd,D2,-0.763,-0.401,0.362,-0.327
580,Macalester,D3,-0.765,-0.522,0.242,-0.430
581,Ohio Northern,D3,-0.777,-0.385,0.392,-0.440
582,Cal St. San B'dino,D2,-0.778,-0.467,0.310,-0.234
583,Stevenson,D3,-0.778,-0.443,0.335,-0.356
584,Stockton,D3,-0.779,-0.585,0.194,-0.479
585,Wesleyan (CT),D3,-0.780,-0.369,0.411,-0.310
586,Union (TN),D2,-0.783,-0.427,0.356,-0.216
587,Wis.-La Crosse,D3,-0.784,-0.514,0.270,-0.390
588,Lake Forest,D3,-0.784,-0.241,0.543,-0.535
589,U New England,D3,-0.785,-0.333,0.452,-0.466
590,Lindenwood (MO),D2,-0.785,-0.330,0.455,-0.226
591,Lincoln Memorial,D2,-0.786,-0.387,0.398,-0.255
592,St. Catherine,D3,-0.787,-0.422,0.364,-0.446
593,N.M. Highlands,D2,-0.790,-0.424,0.365,-0.278
594,St. Cloud St.,D2,-0.790,-0.350,0.440,-0.295
595,South Carolina St.,D1,-0.793,-0.345,0.448,-0.211
596,King (TN),D2,-0.794,-0.186,0.608,-0.365
597,Plattsburgh St.,D3,-0.795,-0.315,0.481,-0.410
598,Pfeiffer,D2,-0.799,-0.183,0.616,-0.339
599,Caldwell,D2,-0.799,-0.427,0.372,-0.392
600,Wellesley,D3,-0.801,-0.484,0.317,-0.419
601,Eastern Conn. St.,D3,-0.803,-0.354,0.449,-0.470
602,Houghton,D3,-0.803,-0.500,0.303,-0.442
603,Queens (NY),D2,-0.806,-0.412,0.394,-0.315
604,Wooster,D3,-0.806,-0.565,0.241,-0.488
605,Worcester St.,D3,-0.806,-0.442,0.364,-0.497
606,Whittier,D3,-0.808,-0.496,0.311,-0.407
607,St. Thomas (MN),D3,-0.810,-0.383,0.427,-0.389
608,Northwood (MI),D2,-0.811,-0.432,0.379,-0.270
609,Northwest Nazarene,D2,-0.814,-0.326,0.488,-0.266
610,Ala.-Huntsville,D2,-0.816,-0.319,0.496,-0.238
611,Hawaii Pacific,D2,-0.816,-0.379,0.436,-0.369
612,Eckerd,D2,-0.819,-0.360,0.458,-0.229
613,Ill.-Springfield,D2,-0.820,-0.520,0.300,-0.228
614,Mary Hardin-Baylor,D3,-0.823,-0.360,0.463,-0.571
615,Holy Family,D2,-0.829,-0.320,0.508,-0.418
616,Tufts,D3,-0.830,-0.530,0.301,-0.290
617,Mary Washington,D3,-0.830,-0.415,0.416,-0.441
618,Baldwin Wallace,D3,-0.830,-0.462,0.368,-0.516
619,Lesley ,D3,-0.832,-0.495,0.337,-0.602
620,Frostburg St.,D3,-0.833,-0.338,0.495,-0.426
621,Lasell,D3,-0.835,-0.403,0.432,-0.530
622,Coe,D3,-0.835,-0.447,0.388,-0.543
623,Neb.-Kearney,D2,-0.836,-0.384,0.452,-0.248
624,Hartwick,D3,-0.837,-0.478,0.359,-0.471
625,Connecticut Col.,D3,-0.837,-0.399,0.438,-0.338
626,Minn. Duluth,D2,-0.837,-0.501,0.336,-0.295
627,Westfield St.,D3,-0.838,-0.465,0.374,-0.448
628,Malone,D2,-0.839,-0.315,0.523,-0.251
629,Keene St.,D3,-0.844,-0.313,0.530,-0.423
630,Concord,D2,-0.845,-0.389,0.456,-0.324
631,Elmhurst,D3,-0.847,-0.369,0.478,-0.423
632,Cal Lutheran,D3,-0.848,-0.385,0.463,-0.355
633,St. Scholastica,D3,-0.849,-0.477,0.372,-0.602
634,Cal St. East Bay,D2,-0.850,-0.465,0.385,-0.244
635,Shorter,D2,-0.853,-0.430,0.422,-0.260
636,Dominican (CA),D2,-0.855,-0.361,0.494,-0.324
637,Occidental,D3,-0.857,-0.318,0.539,-0.396
638,Central (IA),D3,-0.857,-0.432,0.425,-0.467
639,Ramapo,D3,-0.861,-0.332,0.529,-0.443
640,BYU-Hawaii,D2,-0.863,-0.506,0.356,-0.341
641,Minn.-Crookston,D2,-0.868,-0.452,0.416,-0.314
642,Rutgers-Newark,D3,-0.869,-0.315,0.554,-0.405
643,Lake Erie,D2,-0.872,-0.338,0.534,-0.253
644,Wittenberg,D3,-0.873,-0.384,0.489,-0.389
645,Catawba,D2,-0.879,-0.530,0.350,-0.273
646,Grove City,D3,-0.881,-0.526,0.355,-0.501
647,Lubbock Christian,D2,-0.882,-0.294,0.587,-0.371
648,Alma,D3,-0.886,-0.268,0.619,-0.455
649,Francis Marion,D1,-0.889,-0.338,0.551,-0.229
650,Eastern N.M.,D2,-0.890,-0.473,0.416,-0.284
651,Molloy,D2,-0.890,-0.434,0.455,-0.316
652,Adams St.,D2,-0.892,-0.538,0.354,-0.272
653,Cal St. Dom. Hills,D2,-0.893,-0.432,0.461,-0.235
654,Mary,D2,-0.895,-0.346,0.549,-0.296
655,Franklin,D3,-0.897,-0.353,0.545,-0.532
656,Shenandoah,D3,-0.900,-0.507,0.392,-0.497
657,St. Norbert,D3,-0.901,-0.263,0.638,-0.512
658,Mansfield,D2,-0.901,-0.337,0.564,-0.245
659,Schreiner,D3,-0.903,-0.620,0.283,-0.584
660,Findlay,D2,-0.905,-0.399,0.505,-0.270
661,Otterbein,D3,-0.905,-0.395,0.510,-0.511
662,Hendrix,D3,-0.908,-0.417,0.491,-0.481
663,Dickinson,D3,-0.911,-0.409,0.502,-0.345
664,West Liberty,D2,-0.915,-0.588,0.327,-0.309
665,Bridgewater (VA),D3,-0.915,-0.397,0.518,-0.502
666,Salem,D3,-0.917,-0.439,0.478,-0.673
667,Albion,D3,-0.918,-0.450,0.469,-0.447
668,Oswego St.,D3,-0.918,-0.425,0.493,-0.406
669,Lewis & Clark,D3,-0.919,-0.351,0.568,-0.417
670,Dominican (IL),D3,-0.921,-0.419,0.503,-0.550
671,Saint Michael's,D2,-0.921,-0.397,0.524,-0.238
672,Concordia-M'head,D3,-0.924,-0.441,0.483,-0.417
673,Knox,D3,-0.925,-0.480,0.445,-0.640
674,Birmingham-So.,D3,-0.926,-0.484,0.442,-0.436
675,Wis.-River Falls,D3,-0.931,-0.375,0.557,-0.471
676,Olivet,D3,-0.935,-0.486,0.449,-0.457
677,Carleton,D3,-0.935,-0.430,0.505,-0.414
678,St. Mary's (MD),D3,-0.940,-0.417,0.524,-0.442
679,Barton,D2,-0.943,-0.584,0.359,-0.411
680,Webster,D3,-0.946,-0.442,0.504,-0.569
681,Texas-Dallas,D3,-0.946,-0.381,0.565,-0.552
682,Brevard,D2,-0.947,-0.613,0.334,-0.332
683,Felician,D2,-0.948,-0.421,0.527,-0.443
684,Mount Holyoke,D3,-0.949,-0.518,0.431,-0.444
685,Castleton,D3,-0.952,-0.370,0.582,-0.532
686,Mt. St. Mary (NY),D3,-0.952,-0.527,0.425,-0.516
687,MSOE,D3,-0.952,-0.385,0.567,-0.509
688,Kalamazoo,D3,-0.955,-0.493,0.462,-0.401
689,Penn St.-Behrend,D3,-0.959,-0.307,0.652,-0.516
690,Holy Names,D2,-0.960,-0.375,0.584,-0.331
691,Sage Colleges,D3,-0.962,-0.514,0.447,-0.655
692,Capital,D3,-0.963,-0.455,0.509,-0.487
693,Willamette,D3,-0.964,-0.598,0.365,-0.395
694,Covenant,D3,-0.965,-0.600,0.365,-0.541
695,Smith,D3,-0.966,-0.534,0.432,-0.410
696,Aurora,D3,-0.967,-0.353,0.613,-0.489
697,SUNY Potsdam,D3,-0.973,-0.565,0.408,-0.468
698,Dubuque,D3,-0.974,-0.490,0.484,-0.471
699,North Greenville,D2,-0.976,-0.455,0.521,-0.360
700,Daemen,D2,-0.976,-0.499,0.477,-0.338
701,Albright,D3,-0.977,-0.492,0.485,-0.459
702,Alderson Broaddus,D2,-0.981,-0.476,0.505,-0.385
703,Northwest Mo. St.,D2,-0.982,-0.428,0.554,-0.271
704,Urbana,D2,-0.984,-0.485,0.499,-0.316
705,Colby-Sawyer,D3,-0.984,-0.575,0.409,-0.589
706,Mo. Southern St.,D2,-0.984,-0.512,0.472,-0.248
707,Brockport,D3,-0.986,-0.566,0.420,-0.433
708,Citadel,D1,-0.986,-0.442,0.544,-0.074
709,Goldey-Beacom,D2,-0.987,-0.315,0.672,-0.485
710,Tiffin,D2,-0.987,-0.373,0.614,-0.266
711,Rensselaer,D3,-0.990,-0.561,0.429,-0.327
712,Wilmington (DE),D2,-0.991,-0.411,0.580,-0.412
713,Redlands,D3,-0.991,-0.537,0.454,-0.402
714,Newman,D2,-0.992,-0.600,0.392,-0.406
715,St. Joseph's (IN),D2,-0.992,-0.518,0.474,-0.260
716,Wheeling Jesuit,D2,-1.002,-0.505,0.497,-0.331
717,Saint Peter's,D1,-1.005,-0.283,0.722,-0.164
718,Emmanuel (MA),D3,-1.006,-0.625,0.380,-0.512
719,Hawaii Hilo,D2,-1.013,-0.579,0.434,-0.353
720,North Central (IL),D3,-1.014,-0.518,0.495,-0.392
721,Bard,D3,-1.019,-0.523,0.496,-0.409
722,Lees-McRae,D2,-1.021,-0.538,0.483,-0.324
723,Hamline,D3,-1.026,-0.522,0.504,-0.387
724,Wis.-Eau Claire,D3,-1.030,-0.623,0.407,-0.390
725,Southern Nazarene,D2,-1.030,-0.659,0.371,-0.355
726,Wilkes,D3,-1.030,-0.602,0.429,-0.433
727,Colo. Christian,D2,-1.036,-0.635,0.401,-0.258
728,Va. Wesleyan,D3,-1.037,-0.527,0.510,-0.412
729,Spring Hill,D2,-1.041,-0.436,0.606,-0.303
730,Emerson,D3,-1.043,-0.486,0.557,-0.532
731,Academy of Art,D2,-1.044,-0.547,0.497,-0.329
732,La Verne,D3,-1.050,-0.523,0.527,-0.403
733,Salve Regina,D3,-1.051,-0.572,0.479,-0.468
734,Bridgewater St.,D3,-1.057,-0.569,0.488,-0.480
735,S.C. Aiken,D2,-1.058,-0.492,0.567,-0.248
736,Wis.-Stout,D3,-1.059,-0.649,0.409,-0.418
737,SUNY Cortland,D3,-1.063,-0.601,0.462,-0.391
738,St. Joseph's (L.I.),D3,-1.065,-0.503,0.561,-0.513
739,Lock Haven,D2,-1.067,-0.486,0.581,-0.226
740,Edgewood,D3,-1.069,-0.553,0.516,-0.587
741,Muhlenberg,D3,-1.071,-0.451,0.620,-0.363
742,Randolph-Macon,D3,-1.074,-0.576,0.498,-0.508
743,Saint Martin's,D2,-1.076,-0.464,0.612,-0.221
744,Missouri S&T,D2,-1.078,-0.595,0.484,-0.240
745,Clarkson,D3,-1.079,-0.451,0.628,-0.451
746,Skidmore,D3,-1.081,-0.657,0.424,-0.335
747,Carthage,D3,-1.086,-0.387,0.698,-0.349
748,Coker,D2,-1.086,-0.419,0.668,-0.294
749,Susquehanna,D3,-1.089,-0.679,0.411,-0.470
750,York (PA),D3,-1.089,-0.568,0.521,-0.415
751,Oberlin,D3,-1.091,-0.490,0.601,-0.539
752,St. Olaf,D3,-1.092,-0.559,0.533,-0.372
753,Texas Lutheran,D3,-1.092,-0.616,0.476,-0.538
754,Wayne St. (NE),D2,-1.095,-0.560,0.535,-0.340
755,Elms,D3,-1.096,-0.605,0.492,-0.643
756,King's (PA),D3,-1.097,-0.584,0.513,-0.503
757,Moravian,D3,-1.104,-0.629,0.475,-0.372
758,Drew,D3,-1.106,-0.519,0.586,-0.431
759,Eastern,D3,-1.111,-0.432,0.679,-0.441
760,Gordon,D3,-1.115,-0.547,0.568,-0.436
761,St. Joseph (CT),D3,-1.116,-0.639,0.478,-0.611
762,East Central,D2,-1.118,-0.517,0.601,-0.346
763,Westminster (MO),D3,-1.119,-0.540,0.579,-0.639
764,Colby,D3,-1.125,-0.493,0.632,-0.385
765,Transylvania,D3,-1.126,-0.556,0.569,-0.474
766,UC Santa Cruz,D3,-1.131,-0.490,0.641,-0.423
767,Greenville,D3,-1.132,-0.543,0.589,-0.619
768,Penn St.-Abington,D3,-1.133,-0.551,0.582,-0.658
769,Pitt.-Bradford,D3,-1.135,-0.525,0.610,-0.548
770,Notre Dame de Namur,D2,-1.135,-0.567,0.568,-0.306
771,N.C. Wesleyan,D3,-1.137,-0.607,0.530,-0.556
772,UMass Dartmouth,D3,-1.138,-0.595,0.543,-0.447
773,Whitworth,D3,-1.138,-0.611,0.527,-0.402
774,Albertus Magnus,D3,-1.141,-0.580,0.561,-0.584
775,Okla. Christian,D2,-1.143,-0.597,0.546,-0.356
776,Westminster (PA),D3,-1.143,-0.612,0.531,-0.559
777,UMass Boston,D3,-1.145,-0.659,0.486,-0.410
778,Goucher,D3,-1.147,-0.609,0.538,-0.526
779,Rose-Hulman,D3,-1.154,-0.642,0.511,-0.498
780,Gwynedd Mercy,D3,-1.157,-0.633,0.523,-0.684
781,Simmons,D3,-1.158,-0.550,0.607,-0.513
782,Centenary (NJ),D3,-1.159,-0.561,0.598,-0.635
783,Maine Maritime,D3,-1.159,-0.634,0.524,-0.573
784,Eastern Nazarene,D3,-1.162,-0.529,0.632,-0.445
785,St. Thomas Aquinas,D2,-1.165,-0.470,0.695,-0.353
786,Benedictine (IL),D3,-1.166,-0.509,0.657,-0.576
787,Mt. St. Joseph,D3,-1.166,-0.683,0.484,-0.555
788,NYIT,D2,-1.169,-0.577,0.592,-0.389
789,Curry,D3,-1.169,-0.545,0.624,-0.546
790,Fairmont St.,D2,-1.176,-0.656,0.521,-0.306
791,Delta St.,D2,-1.177,-0.506,0.671,-0.314
792,Pitt.-Johnstown,D2,-1.177,-0.546,0.631,-0.234
793,Whitman,D3,-1.180,-0.681,0.498,-0.371
794,John Carroll,D3,-1.189,-0.560,0.629,-0.404
795,Western New Eng.,D3,-1.189,-0.576,0.613,-0.433
796,Fredonia,D3,-1.193,-0.448,0.745,-0.391
797,Ferrum,D3,-1.193,-0.462,0.731,-0.595
798,Wilmington (OH),D3,-1.195,-0.549,0.646,-0.561
799,Rutgers-Camden,D3,-1.197,-0.524,0.673,-0.417
800,Chapman,D3,-1.202,-0.565,0.637,-0.401
801,Mars Hill,D2,-1.204,-0.498,0.706,-0.341
802,Montevallo,D2,-1.207,-0.769,0.438,-0.266
803,Mount Union,D3,-1.209,-0.430,0.779,-0.529
804,D'Youville,D3,-1.213,-0.545,0.667,-0.606
805,Cabrini,D3,-1.214,-0.549,0.664,-0.605
806,Tex. A&M Int'l,D2,-1.222,-0.609,0.613,-0.323
807,George Fox,D3,-1.223,-0.545,0.678,-0.404
808,Neb. Wesleyan,D3,-1.225,-0.611,0.614,-0.536
809,Lycoming,D3,-1.231,-0.413,0.818,-0.510
810,Widener,D3,-1.238,-0.677,0.562,-0.430
811,Fontbonne,D3,-1.243,-0.650,0.592,-0.582
812,Johnson & Wales (RI),D3,-1.253,-0.552,0.701,-0.535
813,Juniata,D3,-1.254,-0.682,0.572,-0.500
814,Saint Mary's (MN),D3,-1.257,-0.592,0.665,-0.429
815,Hiram,D3,-1.259,-0.497,0.761,-0.491
816,St. John Fisher,D3,-1.263,-0.578,0.685,-0.394
817,Tex. Permian Basin,D2,-1.264,-0.577,0.687,-0.348
818,Washington Col.,D3,-1.269,-0.714,0.555,-0.412
819,Southern U.,D1,-1.279,-0.678,0.601,-0.272
820,Maranatha Baptist,D3,-1.284,-0.764,0.520,-0.875
821,Spalding,D3,-1.284,-0.519,0.765,-0.654
822,Staten Island,D3,-1.286,-0.658,0.628,-0.775
823,Grambling,D1,-1.287,-0.529,0.758,-0.290
824,Millikin,D3,-1.291,-0.632,0.659,-0.466
825,FDU-Florham,D3,-1.292,-0.709,0.583,-0.528
826,Salem St.,D3,-1.299,-0.701,0.599,-0.507
827,Grinnell,D3,-1.302,-0.810,0.492,-0.507
828,Penn St. Harrisburg,D3,-1.303,-0.377,0.926,-0.471
829,Allegheny,D3,-1.313,-0.803,0.511,-0.370
830,Alvernia,D3,-1.314,-0.548,0.766,-0.401
831,Saint Vincent,D3,-1.316,-0.604,0.712,-0.605
832,Alabama A&M,D1,-1.317,-0.577,0.740,-0.259
833,Franciscan,D3,-1.322,-0.639,0.683,-0.610
834,Oakland City,D2,-1.324,-0.427,0.897,-0.373
835,Bethel (MN),D3,-1.325,-0.574,0.751,-0.429
836,Minn.-Morris,D3,-1.328,-0.570,0.758,-0.627
837,Coast Guard,D3,-1.330,-0.711,0.619,-0.471
838,Chestnut Hill,D2,-1.330,-0.680,0.649,-0.469
839,Framingham St.,D3,-1.340,-0.688,0.652,-0.513
840,SUNY New Paltz,D3,-1.341,-0.782,0.559,-0.394
841,Adrian,D3,-1.342,-0.945,0.398,-0.431
842,New England Col.,D3,-1.344,-0.677,0.667,-0.557
843,Plymouth St.,D3,-1.345,-0.619,0.726,-0.555
844,Wis.-Platteville,D3,-1.348,-0.556,0.792,-0.452
845,Frank. & Marsh.,D3,-1.349,-0.835,0.514,-0.342
846,Chicago St.,D1,-1.350,-0.564,0.786,-0.124
847,Husson,D3,-1.350,-0.549,0.801,-0.572
848,Southwestern (TX),D3,-1.351,-0.676,0.675,-0.460
849,Illinois Col.,D3,-1.351,-0.666,0.685,-0.468
850,Rogers St.,D2,-1.361,-0.511,0.850,-0.362
851,Pacific (OR),D3,-1.366,-0.793,0.573,-0.394
852,Greensboro,D3,-1.367,-0.585,0.783,-0.600
853,Simpson,D3,-1.369,-0.579,0.790,-0.493
854,Wm. Paterson,D3,-1.382,-0.789,0.593,-0.418
855,Sioux Falls,D2,-1.385,-0.694,0.691,-0.331
856,Anderson (IN),D3,-1.390,-0.739,0.651,-0.555
857,Lehman,D3,-1.391,-0.637,0.753,-0.808
858,Mt. St. Vincent,D3,-1.394,-0.656,0.738,-0.561
859,La Roche,D3,-1.399,-0.630,0.769,-0.599
860,Principia,D3,-1.402,-0.621,0.781,-0.584
861,St. Joseph's (ME),D3,-1.404,-0.620,0.783,-0.627
862,Old Westbury,D3,-1.405,-0.537,0.869,-0.672
863,Ohio Wesleyan,D3,-1.411,-0.667,0.744,-0.393
864,Keuka,D3,-1.413,-0.624,0.789,-0.644
865,Lancaster Bible,D3,-1.413,-0.714,0.699,-0.670
866,LeTourneau,D3,-1.415,-0.713,0.702,-0.565
867,Purchase,D3,-1.418,-0.428,0.990,-0.642
868,Geneva,D3,-1.426,-0.522,0.904,-0.597
869,Delaware Valley,D3,-1.436,-0.628,0.807,-0.483
870,Ripon,D3,-1.442,-0.593,0.849,-0.609
871,Emmanuel (GA),D2,-1.445,-0.754,0.691,-0.311
872,Wis.-Stevens Point,D3,-1.447,-0.681,0.767,-0.412
873,Agnes Scott,D3,-1.451,-0.619,0.832,-0.576
874,East Tex. Baptist,D3,-1.454,-0.632,0.822,-0.565
875,Clark (MA),D3,-1.459,-0.751,0.709,-0.417
876,Concordia Chicago,D3,-1.460,-0.768,0.692,-0.622
877,Minn. St. Moorhead,D2,-1.463,-0.745,0.718,-0.311
878,Southern Vt.,D3,-1.466,-0.701,0.765,-0.736
879,Monmouth (IL),D3,-1.466,-0.751,0.715,-0.511
880,Marywood,D3,-1.468,-0.682,0.786,-0.631
881,Erskine,D2,-1.468,-0.705,0.763,-0.338
882,Elmira,D3,-1.470,-0.662,0.808,-0.412
883,Dallas,D3,-1.472,-0.758,0.714,-0.516
884,Utica,D3,-1.473,-0.655,0.818,-0.471
885,Penn St.-Altoona,D3,-1.485,-0.639,0.846,-0.553
886,Northwestern Okla.,D2,-1.486,-0.851,0.635,-0.361
887,Beloit,D3,-1.493,-0.571,0.922,-0.598
888,SUNY Poly,D3,-1.495,-0.735,0.760,-0.701
889,Lawrence,D3,-1.498,-0.805,0.693,-0.612
890,Chatham,D3,-1.504,-0.632,0.872,-0.605
891,Northwestern-St.Paul,D3,-1.506,-0.673,0.833,-0.679
892,Marian (WI),D3,-1.507,-0.651,0.856,-0.543
893,Me.-Farmington,D3,-1.507,-0.578,0.929,-0.593
894,Trine,D3,-1.509,-0.816,0.693,-0.431
895,Chaminade,D2,-1.512,-0.854,0.658,-0.339
896,Wesley,D3,-1.514,-0.700,0.814,-0.604
897,Pitt.-Greensburg,D3,-1.516,-0.695,0.821,-0.610
898,North Park,D3,-1.518,-0.788,0.730,-0.474
899,St. Mary's (IN),D3,-1.530,-0.735,0.794,-0.430
900,Heidelberg,D3,-1.531,-0.872,0.659,-0.583
901,Bryn Mawr,D3,-1.534,-0.824,0.710,-0.409
902,Concordia (TX),D3,-1.535,-0.864,0.671,-0.522
903,Bloomfield,D2,-1.536,-0.570,0.966,-0.490
904,Averett,D3,-1.546,-0.682,0.864,-0.546
905,Manchester,D3,-1.552,-0.640,0.911,-0.550
906,Ga. Southwestern,D2,-1.553,-0.655,0.899,-0.272
907,Austin,D3,-1.555,-0.778,0.777,-0.467
908,Becker,D3,-1.557,-0.575,0.982,-0.762
909,Emory & Henry,D3,-1.568,-0.815,0.752,-0.616
910,Rhode Island Col.,D3,-1.572,-0.521,1.051,-0.543
911,Ohio Valley,D2,-1.573,-0.579,0.993,-0.369
912,Rivier,D3,-1.585,-0.687,0.897,-0.642
913,Guilford,D3,-1.587,-0.773,0.814,-0.582
914,Alfred St.,D3,-1.589,-0.841,0.748,-0.593
915,Waynesburg,D3,-1.594,-0.645,0.949,-0.570
916,Manhattanville,D3,-1.606,-0.948,0.658,-0.534
917,Brooklyn,D3,-1.616,-0.812,0.803,-0.555
918,Bluffton,D3,-1.623,-0.622,1.001,-0.549
919,Nyack,D2,-1.623,-0.762,0.861,-0.373
920,Southern Wesleyan,D2,-1.631,-0.828,0.803,-0.354
921,Concordia (NY),D2,-1.649,-0.859,0.789,-0.421
922,Oglethorpe,D3,-1.650,-0.876,0.774,-0.353
923,Northland,D3,-1.652,-0.719,0.933,-0.728
924,Nichols,D3,-1.656,-0.794,0.861,-0.496
925,Rosemont,D3,-1.667,-0.888,0.779,-0.630
926,Johnson St.,D3,-1.669,-0.655,1.014,-0.627
927,Cairn,D3,-1.672,-0.591,1.080,-0.731
928,Ozarks (AR),D3,-1.675,-0.983,0.691,-0.524
929,Mount Aloysius,D3,-1.675,-0.782,0.892,-0.684
930,Randolph,D3,-1.681,-0.758,0.924,-0.517
931,MCLA,D3,-1.683,-0.892,0.792,-0.555
932,Millsaps,D3,-1.683,-0.706,0.977,-0.480
933,Notre Dame (MD),D3,-1.684,-0.850,0.834,-0.790
934,Dominican (NY),D2,-1.686,-0.858,0.828,-0.452
935,Regis (MA),D3,-1.691,-0.893,0.798,-0.655
936,Southern Me.,D3,-1.696,-0.800,0.896,-0.533
937,Fitchburg St.,D3,-1.701,-0.923,0.778,-0.541
938,Hilbert,D3,-1.727,-0.817,0.910,-0.651
939,Cazenovia,D3,-1.729,-0.833,0.896,-0.768
940,Huntingdon,D3,-1.731,-0.887,0.845,-0.531
941,Hampton,D1,-1.734,-0.520,1.214,-0.240
942,Wells,D3,-1.735,-0.683,1.052,-0.726
943,LaGrange,D3,-1.738,-0.810,0.929,-0.528
944,Medaille,D3,-1.742,-0.751,0.991,-0.608
945,SUNY Canton,D3,-1.745,-0.740,1.005,-0.673
946,Suffolk,D3,-1.751,-0.737,1.014,-0.557
947,Southern Va.,D3,-1.765,-0.797,0.968,-0.460
948,Hood,D3,-1.769,-0.943,0.826,-0.458
949,East. Mennonite,D3,-1.772,-0.753,1.020,-0.553
950,Bethany Lutheran,D3,-1.777,-0.812,0.966,-0.711
951,Alcorn,D1,-1.792,-0.802,0.991,-0.326
952,Cornell College,D3,-1.804,-0.777,1.027,-0.539
953,Keystone,D3,-1.804,-0.752,1.052,-0.672
954,Centenary (LA),D3,-1.817,-0.811,1.007,-0.520
955,Chowan,D2,-1.821,-0.850,0.971,-0.463
956,Buena Vista,D3,-1.831,-0.915,0.916,-0.507
957,Thomas (ME),D3,-1.838,-0.805,1.033,-0.676
958,Blackburn,D3,-1.842,-0.780,1.062,-0.761
959,Alfred,D3,-1.845,-0.938,0.907,-0.484
960,New Jersey City,D3,-1.858,-0.932,0.927,-0.508
961,Earlham,D3,-1.861,-0.757,1.105,-0.551
962,Bethany (WV),D3,-1.886,-0.723,1.162,-0.612
963,Martin Luther,D3,-1.890,-0.848,1.042,-0.760
964,Marymount (VA),D3,-1.891,-0.853,1.038,-0.503
965,Mount Ida,D3,-1.893,-0.810,1.083,-0.685
966,Mass. Maritime,D3,-1.899,-0.951,0.948,-0.713
967,William Peace,D3,-1.900,-0.970,0.930,-0.604
968,Newbury,D3,-1.905,-0.819,1.085,-0.717
969,Mills,D3,-1.908,-0.804,1.104,-0.529
970,Immaculata,D3,-1.908,-0.892,1.015,-0.613
971,Lincoln (PA),D2,-1.911,-0.760,1.151,-0.460
972,Neumann,D3,-1.914,-0.842,1.073,-0.618
973,Louisiana Col.,D3,-1.915,-0.978,0.938,-0.591
974,Wis.-Superior,D3,-1.926,-1.001,0.926,-0.594
975,Mitchell,D3,-1.928,-0.933,0.994,-0.718
976,Howard Payne,D3,-1.936,-1.024,0.913,-0.594
977,Me.-Presque Isle,D3,-1.948,-0.793,1.155,-0.844
978,Lakeland,D3,-1.954,-0.821,1.133,-0.682
979,North Central (MN),D3,-1.956,-0.795,1.162,-0.790
980,Norwich,D3,-1.960,-0.852,1.108,-0.618
981,SUNY Maritime,D3,-1.967,-0.844,1.123,-0.751
982,MacMurray,D3,-1.978,-0.820,1.158,-0.714
983,Muskingum,D3,-2.002,-0.919,1.084,-0.527
984,Trinity Washington,D3,-2.005,-0.947,1.058,-0.953
985,Wesleyan (GA),D3,-2.010,-0.996,1.014,-0.666
986,Summit,D3,-2.025,-0.837,1.188,-0.766
987,Anna Maria,D3,-2.038,-0.978,1.060,-0.661
988,McMurry,D3,-2.075,-0.941,1.134,-0.601
989,Cedar Crest,D3,-2.081,-0.954,1.127,-0.844
990,Morrisville St.,D3,-2.096,-0.929,1.167,-0.744
991,Lyndon St.,D3,-2.123,-1.006,1.117,-0.629
992,Bay Path,D3,-2.125,-0.898,1.227,-0.769
993,Sul Ross St.,D3,-2.131,-0.941,1.190,-0.561
994,Green Mountain,D3,-2.154,-1.002,1.153,-0.710
995,Thiel,D3,-2.154,-0.947,1.207,-0.569
996,Gallaudet,D3,-2.176,-0.930,1.246,-0.805
997,John Jay,D3,-2.179,-1.089,1.090,-0.777
998,Wis. Lutheran,D3,-2.188,-1.035,1.153,-0.554
999,Cobleskill St.,D3,-2.203,-0.886,1.317,-0.693
1000,Marietta,D3,-2.211,-1.122,1.089,-0.519
1001,Wilson,D3,-2.216,-1.191,1.025,-0.773
1002,Defiance,D3,-2.222,-1.087,1.135,-0.532
1003,Salem Int'l,D2,-2.237,-0.897,1.340,-0.350
1004,Crown (MN),D3,-2.258,-0.952,1.306,-0.814
1005,Mary Baldwin,D3,-2.286,-0.941,1.346,-0.672
1006,Rockford,D3,-2.319,-1.012,1.307,-0.767
1007,Sarah Lawrence,D3,-2.328,-1.196,1.132,-0.790
1008,Wheelock,D3,-2.346,-0.972,1.373,-0.741
1009,St. Joseph's (Brkln),D3,-2.362,-0.912,1.450,-0.679
1010,Daniel Webster,D3,-2.381,-1.168,1.213,-0.788
1011,Yeshiva,D3,-2.414,-1.090,1.324,-0.659
1012,CCNY,D3,-2.414,-1.134,1.280,-0.722
1013,Sweet Briar,D3,-2.425,-1.074,1.351,-0.809
1014,York (NY),D3,-2.479,-1.087,1.392,-0.911
1015,Eureka,D3,-2.645,-1.194,1.451,-0.801
1016,Alverno,D3,-2.741,-1.334,1.407,-0.766
1017,Hollins,D3,-2.800,-1.249,1.551,-0.549
1018,St. Elizabeth,D3,-2.834,-1.250,1.584,-0.747
1019,Finlandia,D3,-2.849,-1.333,1.516,-0.875
1020,Pine Manor,D3,-2.869,-1.160,1.709,-0.836
1021,Iowa Wesleyan,D3,-2.881,-1.367,1.513,-0.726
1022,Valley Forge,D3,-2.935,-1.278,1.657,-0.881
1023,Mount Mary,D3,-3.023,-1.460,1.563,-0.956
1024,Medgar Evers,D3,-3.269,-1.453,1.816,-0.809
